{
    "metadata": {
        "Nama": "Muhammad Subhan Aksa",
        "Age": "37 years",
        "Lab Number": "R2406010906a",
        "Ref. Number": "KBY-2406010031",
        "DoB": "11-10-1986"
    },
    "test_result": {
        "THR": {
            "test_name": "Threonine",
            "type": "essential",
            "measured_value": 95,
            "ref_value": "60.0 - 225.0",
            "result_interpretation": "Your Threonine level looks optimal, keep going with balance protein intake. Multi vitamin and mineral supplementation should be beneficial for your health."
        },
        "HIS": {
            "test_name": "Histidine",
            "type": "essential",
            "measured_value": 91,
            "ref_value": "72.0 - 124.0",
            "result_interpretation": "Your Histidine level looks optimal, keep going with balance protein intake. Always monitor another amino acids level to maintain protein adequacy."
        },
        "LYS": {
            "test_name": "Lysine",
            "type": "essential",
            "measured_value": 229,
            "ref_value": "116.0 - 296.0",
            "result_interpretation": "Your Lysine level looks optimal, keep going with balance protein intake. Always check your triglyceride level to make sure your health. Vitamin and mineral supplementation should be beneficial to maintain Lysine metabolism  in your body."
        },
        "ARG": {
            "test_name": "Arginine",
            "type": "essential",
            "measured_value": 126,
            "ref_value": "15.0 - 128.0",
            "result_interpretation": "Your Arginine level looks optimal, keep going with balance protein intake. Arginine adequacy have a good concequency for your cardiovascular health. Mineral supplementation should be beneficial to maintain your Arginine level and urea metabolism."
        },
        "MET": {
            "test_name": "Methionine",
            "type": "essential",
            "measured_value": 25,
            "ref_value": "10.0 - 42.0",
            "result_interpretation": "Your Methionine level seems optimal, keep going with balance protein intake. Multi Vitamin and mineral supplementation should be beneficial to maintain your health."
        },
        "VAL": {
            "test_name": "Valine",
            "type": "essential",
            "measured_value": 336,
            "ref_value": "119.0 - 336.0",
            "result_interpretation": "Your Valine level seems optimal, keep going with balance protein intake. Multi vitamin and mineral supplementation should be beneficial."
        },
        "ILE": {
            "test_name": "Isoleucine",
            "type": "essential",
            "measured_value": 77,
            "ref_value": "30.0 - 108.0",
            "result_interpretation": "Your Isoleucine level seems optimal, keep going with balance protein intake. Multi vitamin and mineral supplementation should be beneficial."
        },
        "LEU": {
            "test_name": "Leucine",
            "type": "essential",
            "measured_value": 180,
            "ref_value": "72.0 - 201.0",
            "result_interpretation": "Your Leucine level seems optimal, keep going with balance protein intake. Vitamin and mineral supplementation should be beneficial."
        },
        "PHE": {
            "test_name": "Phenylalanine",
            "type": "essential",
            "measured_value": 78,
            "ref_value": "35.0 - 85.0",
            "result_interpretation": "Your Phenylalanine seems optimal, keep going with balance protein intake. Multi vitamin and mineral supplementation should be beneficial."
        },
        "TRP": {
            "test_name": "Tryptophan",
            "type": "essential",
            "measured_value": 63,
            "ref_value": "23.5 - 93.0",
            "result_interpretation": "Your Tryptophan level seems optimal, keep going with balance protein intake. Multi vitamin and mineral supplementation should be beneficial."
        },
        "ASP": {
            "test_name": "Aspartic Acid",
            "type": "non-essential",
            "measured_value": 26,
            "ref_value": "1.0 - 25.0",
            "result_interpretation": "Your aspartic acid level seems high. A high aspartic acid level is associated with epilepsy and stroke. The effect of elevated this amino acid may be mitigated by taking magnesium (Mg) and zinc (Zn) supplements."
        },
        "SER": {
            "test_name": "Serine",
            "type": "non-essential",
            "measured_value": 99,
            "ref_value": "58.0 - 181.0",
            "result_interpretation": "Your Serine level seems optimal, keep going with balance protein intake. Multi vitamin and mineral supplementation should be beneficial."
        },
        "GLY": {
            "test_name": "Glycine",
            "type": "non-essential",
            "measured_value": 222,
            "ref_value": "151.0 - 490.0",
            "result_interpretation": "Your Threonine level seems optimal, keep going with balance protein intake. Multi vitamin and mineral supplementation should be beneficial."
        },
        "CYS": {
            "test_name": "Cystine",
            "type": "non-essential",
            "measured_value": 54,
            "ref_value": "5.0 - 82.0",
            "result_interpretation": "Your Cystine level seems optimal, keep going with balance protein intake. "
        },
        "GLU": {
            "test_name": "Glutamic Acid",
            "type": "non-essential",
            "measured_value": 95,
            "ref_value": "10.0 - 131.0",
            "result_interpretation": "Your Glutamic Acid level seems optimal, keep going with balance protein intake. Multi vitamin supplementation should be beneficial."
        },
        "ALA": {
            "test_name": "Alanine",
            "type": "non-essential",
            "measured_value": 553,
            "ref_value": "177.0 - 583.0",
            "result_interpretation": "Your Glutamic Acid level seems optimal, keep going with balance protein intake. Multi vitamin supplementation should be beneficial."
        },
        "PRO": {
            "test_name": "Proline",
            "type": "non-essential",
            "measured_value": 214,
            "ref_value": "97.0 - 329.0",
            "result_interpretation": "Your Proline level seems optimal, keep going with balance protein intake. Multi vitamin supplementation should be beneficial."
        },
        "TYR": {
            "test_name": "Tyrosine",
            "type": "non-essential",
            "measured_value": 64,
            "ref_value": "34.0 - 112.0",
            "result_interpretation": "Your Tyrosine level looks optimal, keep going with balance protein intake. Multi vitamins and minerals supplementation should be beneficial."
        },
        "GLN": {
            "test_name": "Glutamine",
            "type": "non-essential",
            "measured_value": 624,
            "ref_value": "372.8 - 701.4",
            "result_interpretation": "Your Glutamine level seems optimal, keep going with balance protein intake. Vitamin beta-ketoglutarat supplementation should be beneficial."
        },
        "CIT": {
            "test_name": "Citrulline",
            "type": "derivatives",
            "measured_value": 24,
            "ref_value": "12.0 - 55.0",
            "result_interpretation": "Your Citrulline level seems optimal, keep going with balance protein intake. Multi vitamins and minerals supplementation should be beneficial."
        },
        "ORN": {
            "test_name": "Ornithine",
            "type": "derivatives",
            "measured_value": 66,
            "ref_value": "48.0 - 195.0",
            "result_interpretation": "Your Ornitihine level seems optimal, keep going with balance protein intake."
        }
    }
}